{
    "null": {   
        "0" :   ["hDl", "vDl",  "pDl",  "hFd",      "hLp",  "vFd",      "vLop",  "pFd",      "pLp",  "sCp",  "pCp",  "sOD",  "pOd",  "s*",   "p*"]
    }
,
    "1": {	
        "1" :   [600,   602,    196,    0.9999,     0.3,    0.999,      0.35,    0.999999,   0.1,    0.15,   0.1,     5,      2,      1,      1],
        "2" :   [600,   602,    189,    0.99999,    0.4,    0.99999,    0.35,    0.999999,   0.2,    0.15,   0.2,     15,     2,      0,      1],
        "3" :   [674,   676,    186,    0.99999,    0.4,    0.99999,    0.35,    0.999999,   0.25,   0.15,   0.25,    13,     2,      0,      1],
        "4" :   [674,   676,    146,    0.99999,    0.4,    0.99999,    0.5,     0.999999,   0.25,   0.01,   0.01,    10,     2,      1,      1],
        "5" :   [571,   570,    196,    0.99999,    0.2,    0.99999,    0.25,    0.999999,   0.25,   0.1,    0.05,    5,      2,      1,      1]
    }
,
    "2": {	
        "1" :   [600,   602,    268,    0.9999,     0.3,    0.999,      0.35,    0.999999,   0.1,    0.15,   0.1,    5,      2,      1,      1],
        "2" :   [600,   602,    158,    0.99999,    0.4,    0.99999,    0.35,    0.999999,   0.2,    0.15,   0.2,    15,     2,      0,      1],
        "3" :   [674,   676,    158,    0.99999,    0.4,    0.99999,    0.35,    0.999999,   0.25,   0.15,   0.25,   13,     2,      0,      1],
        "4" :   [1352,  678,    178,    0.995,      0.4,    0.99999,    0.5,     0.999999,   0.25,   0.01,   0.01,   10,     2,      1,      1],
        "5" :   [674,   676,    178,    0.99999,    0.2,    0.99999,    0.25,    0.999999,   0.25,   0.1,    0.05,   5,      2,      1,      1]
    }
,
    "3": {	
        "1" :   [570,   572,    168,    0.99999,    0.3,    0.9999,     0.35,    0.999999,   0.1,    0.15,   0.1,    5,      2,      1,      1],
        "2" :   [602,   604,    118,    0.99999,    0.4,    0.99999,    0.35,    0.999999,   0.2,    0.15,   0.2,    15,     2,      0,      1],
        "3" :   [674,   676,    118,    0.99999,    0.4,    0.99999,    0.35,    0.999999,   0.25,   0.15,   0.25,   13,     2,      0,      1],
        "4" :   [610,   615,    76,     0.99999,    0.4,    0.99999,    0.5,     0.999999,   0.25,   0.01,   0.01,   10,     2,      1,      1],
        "5" :   [605,   600,    108,    0.99999,    0.2,    0.99999,    0.25,    0.999999,   0.25,   0.1,    0.05,   5,      2,      1,      0.5]
    }
,
    "4": {	
        "1" :   [570,   572,    80,     0.99999,    0.3,    0.9999,     0.35,    0.999999,   0.1,    0.15,   0.1,    5,      2,      1,      1],
        "2" :   [606,   608,    60,     0.99999,    0.4,    0.99999,    0.35,    0.999999,   0.2,    0.15,   0.2,    15,     2,      0,      1],
        "3" :   [674,   676,    42,     0.99999,    0.4,    0.99999,    0.35,    0.999999,   0.25,   0.15,   0.25,   13,     2,      0,      1],
        "4" :   [610,   615,    158,    0.99999,    0.4,    0.99999,    0.5,     0.999999,   0.25,   0.01,   0.01,   10,     2,      1,      1],
        "5" :   [502,   1000,   158,    0.999,      0.2,    0.999,      0.25,    0.999999,   0.25,   0.1,    0.05,   5,      2,      1,      0.5]
    }
}
