{
    "1": {	
        "1" :   [600,   602,    196,    0.9999,     0.3,    0.999,      0.4,    0.999999,   0.1,    0.15,   0.1,    10, 2],
        "2" :   [600,   602,    189,    0.999999,   0.4,    0.999999,   0.4,    0.999999,   0.1,    0.15,   0.25,   30, 2],
        "3" :   [674,   676,    186,    0.999999,   0.4,    0.999999,   0.4,    0.999999,   0.2,    0.15,   0.3,    25, 1.5],
        "4" :   [674,   676,    146,    0.999999,   0.4,    0.999999,   0.6,    0.999999,   0.2,    0.01,   0.01,   20, 4],
        "5" :   [571,   570,    196,    0.999999,   0.2,    0.999999,   0.3,    0.999999,   0.2,    0.1,    0.05,   10, 2]
    }
,
    "2": {	
        "1" :   [600,   602,    268,    0.9999,     0.3,    0.999,      0.4,    0.999999,   0.1,    0.15,   0.1,    10, 2],
        "2" :   [600,   602,    158,    0.999999,   0.4,    0.999999,   0.4,    0.999999,   0.1,    0.15,   0.25,   30, 2],
        "3" :   [674,   676,    158,    0.999999,   0.4,    0.999999,   0.4,    0.999999,   0.2,    0.15,   0.3,    25, 1.5],
        "4" :   [1352,  678,    178,    0.999,      0.4,    0.999999,   0.6,    0.999999,   0.2,    0.01,   0.01,   20, 4],
        "5" :   [674,   676,    178,    0.999999,   0.2,    0.999999,   0.3,    0.999999,   0.2,    0.1,    0.05,   10, 2]
    }
,
    "3": {	
        "1" :   [570,   572,    168,    0.99999,    0.3,    0.9999,     0.4,    0.999999,   0.1,    0.15,   0.1,    10, 2],
        "2" :   [602,   604,    118,    0.999999,   0.4,    0.999999,   0.4,    0.999999,   0.1,    0.15,   0.25,   30, 2],
        "3" :   [674,   676,    118,    0.999999,   0.4,    0.999999,   0.4,    0.999999,   0.2,    0.15,   0.3,    25, 1.5],
        "4" :   [610,   615,    38,     0.999999,   0.4,    0.999999,   0.6,    0.999999,   0.2,    0.01,   0.01,   20, 4],
        "5" :   [605,   600,    108,    0.999999,   0.2,    0.999999,   0.3,    0.999999,   0.2,    0.1,    0.05,   10, 2]
    }
,
    "4": {	
        "1" :   [570,   572,    8,      0.99999,    0.3,    0.9999,     0.4,    0.999999,   0.1,    0.15,   0.1,    10, 2],
        "2" :   [606,   608,    6,      0.999999,   0.4,    0.999999,   0.4,    0.999999,   0.1,    0.15,   0.25,   30, 2],
        "3" :   [674,   676,    14,     0.999999,   0.4,    0.999999,   0.4,    0.999999,   0.2,    0.15,   0.3,    25, 1.5],
        "4" :   [610,   615,    158,    0.999999,   0.4,    0.999999,   0.6,    0.999999,   0.2,    0.01,   0.01,   20, 4],
        "5" :   [502,   1000,   158,    0.999999,   0.2,    0.999999,   0.3,    0.999999,   0.2,    0.1,    0.05,   10, 2]
    }
}
