{
    "null": {   
        "0" :   ["hDl", "vDl",  "pDl",  "hFd",      "hLp",  "vFd",      "vLop",  "pFd",      "pLp",  "sCp",  "pCp",  "sOD",  "pOd",  "s*",   "p*"]
    }
,
    "1": {	
        "1" :   [600,   602,    132,    0.9999,     0.3,    0.999,      0.35,    0.999999,   0.1,    0.15,   0.1,     10,     2,      1.5,    1.5],
        "2" :   [600,   602,    125,    0.99999,    0.4,    0.99999,    0.35,    0.999999,   0.2,    0.15,   0.15,    15,     2,      0,      1.5],
        "3" :   [674,   676,    113,    0.99999,    0.4,    0.99999,    0.35,    0.999999,   0.25,   0.15,   0.25,    30,     2,      0,      1.5],
        "4" :   [674,   676,    82,     0.99999,    0.4,    0.99999,    0.5,     0.999999,   0.25,   0.01,   0.01,    10,     2,      1.5,    1.5],
        "5" :   [571,   570,    132,    0.99999,    0.2,    0.99999,    0.25,    0.999999,   0.25,   0.1,    0.05,    10,     2,      1.5,    1.5]
    }
,
    "2": {	
        "1" :   [600,   602,    204,    0.9999,     0.3,    0.999,      0.35,    0.999999,   0.1,    0.15,   0.1,     10,     2,      1.5,     1.5],
        "2" :   [600,   602,    94,     0.99999,    0.4,    0.99999,    0.35,    0.999999,   0.2,    0.15,   0.15,    15,     2,      0,       1.5],
        "3" :   [674,   676,    96,     0.99999,    0.4,    0.99999,    0.35,    0.999999,   0.25,   0.15,   0.25,    30,     2,      0,       1.5],
        "4" :   [1352,  678,    114,    0.995,      0.4,    0.99999,    0.5,     0.999999,   0.25,   0.01,   0.01,    10,     2,      1.5,     1.5],
        "5" :   [674,   676,    114,    0.99999,    0.2,    0.99999,    0.25,    0.999999,   0.25,   0.1,    0.05,    10,     2,      1.5,     1.5]
    }
,
    "3": {	
        "1" :   [570,   572,    104,    0.99999,    0.3,    0.9999,     0.35,    0.999999,   0.1,    0.15,   0.1,     10,     2,      1.5,     1.5],
        "2" :   [602,   604,    54,     0.99999,    0.4,    0.99999,    0.35,    0.999999,   0.2,    0.15,   0.15,    15,     2,      0,       1.5],
        "3" :   [674,   676,    54,     0.99999,    0.4,    0.99999,    0.35,    0.999999,   0.25,   0.15,   0.25,    30,     2,      0,       1.5],
        "4" :   [610,   615,    76,     0.99999,    0.4,    0.99999,    0.5,     0.999999,   0.25,   0.01,   0.01,    10,     2,      1.5,     1.5],
        "5" :   [605,   600,    76,     0.99999,    0.2,    0.99999,    0.25,    0.999999,   0.25,   0.1,    0.05,    10,     2,      1.5,     0.75]
    }
,
    "4": {	
        "1" :   [570,   572,    80,     0.99999,    0.3,    0.9999,     0.35,    0.999999,   0.1,    0.15,   0.1,     10,     2,      1.5,     1.5],
        "2" :   [606,   608,    60,     0.99999,    0.4,    0.99999,    0.35,    0.999999,   0.2,    0.15,   0.15,    15,     2,      0,       1.5],
        "3" :   [674,   676,    135,    0.99999,    0.4,    0.99999,    0.35,    0.999999,   0.25,   0.15,   0.25,    30,     2,      0,       1.5],
        "4" :   [610,   615,    94,     0.99999,    0.4,    0.99999,    0.5,     0.999999,   0.25,   0.01,   0.01,    10,     2,      1.5,     1.5],
        "5" :   [502,   1000,   94,     0.999,      0.2,    0.999,      0.25,    0.999999,   0.25,   0.1,    0.05,    10,     2,      1.5,     0.75]
    }
}
